age, education-num, hours-per-week, workclass, native-country, sex, race, marital-status, relationship, occupation, income
[39 - 43], 13, [40 - 45], *, United-States, Male, White, *, *, *, <=50K
[39 - 43], 13, [40 - 45], *, United-States, Male, White, *, *, *, >50K
[39 - 43], 13, [40 - 45], *, United-States, Male, White, *, *, *, <=50K
[39 - 43], 13, [40 - 45], *, United-States, Male, White, *, *, *, >50K
[39 - 43], 13, [40 - 45], *, United-States, Male, White, *, *, *, <=50K
[39 - 43], 13, [40 - 45], *, United-States, Male, White, *, *, *, >50K
[50 - 53], 13, [13 - 40], *, America, Male, White, Married-civ-spouse, Husband, *, <=50K
[50 - 53], 13, [13 - 40], *, America, Male, White, Married-civ-spouse, Husband, *, <=50K
[50 - 53], 13, [13 - 40], *, America, Male, White, Married-civ-spouse, Husband, *, <=50K
[50 - 53], 13, [13 - 40], *, America, Male, White, Married-civ-spouse, Husband, *, <=50K
[50 - 53], 13, [13 - 40], *, America, Male, White, Married-civ-spouse, Husband, *, >50K
[50 - 53], 13, [13 - 40], *, America, Male, White, Married-civ-spouse, Husband, *, >50K
[38 - 39], [9 - 10], 40, Private, United-States, Male, White, *, *, manual-labor, <=50K
[38 - 39], [9 - 10], 40, Private, United-States, Male, White, *, *, manual-labor, <=50K
[38 - 39], [9 - 10], 40, Private, United-States, Male, White, *, *, manual-labor, <=50K
[38 - 39], [9 - 10], 40, Private, United-States, Male, White, *, *, manual-labor, >50K
[38 - 39], [9 - 10], 40, Private, United-States, Male, White, *, *, manual-labor, <=50K
[38 - 39], [9 - 10], 40, Private, United-States, Male, White, *, *, manual-labor, <=50K
[53 - 55], [7 - 9], 40, *, United-States, Male, *, Married-civ-spouse, Husband, *, <=50K
[53 - 55], [7 - 9], 40, *, United-States, Male, *, Married-civ-spouse, Husband, *, <=50K
[53 - 55], [7 - 9], 40, *, United-States, Male, *, Married-civ-spouse, Husband, *, >50K
[53 - 55], [7 - 9], 40, *, United-States, Male, *, Married-civ-spouse, Husband, *, <=50K
[53 - 55], [7 - 9], 40, *, United-States, Male, *, Married-civ-spouse, Husband, *, <=50K
[53 - 55], [7 - 9], 40, *, United-States, Male, *, Married-civ-spouse, Husband, *, <=50K
[28 - 31], 13, 40, Private, *, *, *, *, *, *, <=50K
[28 - 31], 13, 40, Private, *, *, *, *, *, *, <=50K
[28 - 31], 13, 40, Private, *, *, *, *, *, *, <=50K
[28 - 31], 13, 40, Private, *, *, *, *, *, *, <=50K
[28 - 31], 13, 40, Private, *, *, *, *, *, *, <=50K
[28 - 31], 13, 40, Private, *, *, *, *, *, *, <=50K
[37 - 41], [14 - 15], 40, *, *, *, White, *, *, *, <=50K
[37 - 41], [14 - 15], 40, *, *, *, White, *, *, *, >50K
[37 - 41], [14 - 15], 40, *, *, *, White, *, *, *, >50K
[37 - 41], [14 - 15], 40, *, *, *, White, *, *, *, >50K
[37 - 41], [14 - 15], 40, *, *, *, White, *, *, *, >50K
[37 - 41], [14 - 15], 40, *, *, *, White, *, *, *, <=50K
[49 - 59], [5 - 6], [16 - 40], *, America, *, *, *, *, *, <=50K
[49 - 59], [5 - 6], [16 - 40], *, America, *, *, *, *, *, >50K
[49 - 59], [5 - 6], [16 - 40], *, America, *, *, *, *, *, <=50K
[49 - 59], [5 - 6], [16 - 40], *, America, *, *, *, *, *, <=50K
[49 - 59], [5 - 6], [16 - 40], *, America, *, *, *, *, *, <=50K
[49 - 59], [5 - 6], [16 - 40], *, America, *, *, *, *, *, <=50K
[52 - 59], 9, [45 - 50], Self, North-America, Male, White, Married-civ-spouse, Husband, *, >50K
[52 - 59], 9, [45 - 50], Self, North-America, Male, White, Married-civ-spouse, Husband, *, <=50K
[52 - 59], 9, [45 - 50], Self, North-America, Male, White, Married-civ-spouse, Husband, *, >50K
[52 - 59], 9, [45 - 50], Self, North-America, Male, White, Married-civ-spouse, Husband, *, <=50K
[52 - 59], 9, [45 - 50], Self, North-America, Male, White, Married-civ-spouse, Husband, *, >50K
[52 - 59], 9, [45 - 50], Self, North-America, Male, White, Married-civ-spouse, Husband, *, >50K
[31 - 34], 14, 50, Private, United-States, *, White, *, *, Prof-specialty, >50K
[31 - 34], 14, 50, Private, United-States, *, White, *, *, Prof-specialty, <=50K
[31 - 34], 14, 50, Private, United-States, *, White, *, *, Prof-specialty, <=50K
[31 - 34], 14, 50, Private, United-States, *, White, *, *, Prof-specialty, >50K
[31 - 34], 14, 50, Private, United-States, *, White, *, *, Prof-specialty, <=50K
[31 - 34], 14, 50, Private, United-States, *, White, *, *, Prof-specialty, >50K
[37 - 39], [10 - 14], 80, *, *, Male, *, *, *, *, >50K
[37 - 39], [10 - 14], 80, *, *, Male, *, *, *, *, <=50K
[37 - 39], [10 - 14], 80, *, *, Male, *, *, *, *, >50K
[37 - 39], [10 - 14], 80, *, *, Male, *, *, *, *, >50K
[37 - 39], [10 - 14], 80, *, *, Male, *, *, *, *, <=50K
[37 - 39], [10 - 14], 80, *, *, Male, *, *, *, *, >50K
[30 - 34], 13, 40, *, *, *, *, Married-civ-spouse, *, *, >50K
[30 - 34], 13, 40, *, *, *, *, Married-civ-spouse, *, *, >50K
[30 - 34], 13, 40, *, *, *, *, Married-civ-spouse, *, *, >50K
[30 - 34], 13, 40, *, *, *, *, Married-civ-spouse, *, *, >50K
[30 - 34], 13, 40, *, *, *, *, Married-civ-spouse, *, *, >50K
[30 - 34], 13, 40, *, *, *, *, Married-civ-spouse, *, *, >50K
[23 - 26], 13, [30 - 40], Private, United-States, *, White, Never-married, *, *, <=50K
[23 - 26], 13, [30 - 40], Private, United-States, *, White, Never-married, *, *, <=50K
[23 - 26], 13, [30 - 40], Private, United-States, *, White, Never-married, *, *, <=50K
[23 - 26], 13, [30 - 40], Private, United-States, *, White, Never-married, *, *, <=50K
[23 - 26], 13, [30 - 40], Private, United-States, *, White, Never-married, *, *, <=50K
[23 - 26], 13, [30 - 40], Private, United-States, *, White, Never-married, *, *, <=50K
[32 - 38], [12 - 13], 50, Private, *, *, *, *, *, services, <=50K
[32 - 38], [12 - 13], 50, Private, *, *, *, *, *, services, <=50K
[32 - 38], [12 - 13], 50, Private, *, *, *, *, *, services, <=50K
[32 - 38], [12 - 13], 50, Private, *, *, *, *, *, services, <=50K
[32 - 38], [12 - 13], 50, Private, *, *, *, *, *, services, <=50K
[32 - 38], [12 - 13], 50, Private, *, *, *, *, *, services, <=50K
[34 - 40], [4 - 5], 45, *, America, Male, *, Married-civ-spouse, Husband, manual-labor, <=50K
[34 - 40], [4 - 5], 45, *, America, Male, *, Married-civ-spouse, Husband, manual-labor, <=50K
[34 - 40], [4 - 5], 45, *, America, Male, *, Married-civ-spouse, Husband, manual-labor, <=50K
[34 - 40], [4 - 5], 45, *, America, Male, *, Married-civ-spouse, Husband, manual-labor, <=50K
[34 - 40], [4 - 5], 45, *, America, Male, *, Married-civ-spouse, Husband, manual-labor, >50K
[34 - 40], [4 - 5], 45, *, America, Male, *, Married-civ-spouse, Husband, manual-labor, <=50K
[25 - 27], 9, [35 - 40], Self, United-States, Male, White, Never-married, *, manual-labor, <=50K
[25 - 27], 9, [35 - 40], Self, United-States, Male, White, Never-married, *, manual-labor, <=50K
[25 - 27], 9, [35 - 40], Self, United-States, Male, White, Never-married, *, manual-labor, <=50K
[25 - 27], 9, [35 - 40], Self, United-States, Male, White, Never-married, *, manual-labor, <=50K
[25 - 27], 9, [35 - 40], Self, United-States, Male, White, Never-married, *, manual-labor, <=50K
[25 - 27], 9, [35 - 40], Self, United-States, Male, White, Never-married, *, manual-labor, <=50K
[32 - 36], 9, 40, Private, United-States, Male, *, *, *, manual-labor, <=50K
[32 - 36], 9, 40, Private, United-States, Male, *, *, *, manual-labor, <=50K
[32 - 36], 9, 40, Private, United-States, Male, *, *, *, manual-labor, <=50K
[32 - 36], 9, 40, Private, United-States, Male, *, *, *, manual-labor, <=50K
[32 - 36], 9, 40, Private, United-States, Male, *, *, *, manual-labor, <=50K
[32 - 36], 9, 40, Private, United-States, Male, *, *, *, manual-labor, <=50K
[38 - 43], [7 - 10], 50, *, United-States, Male, White, Married-civ-spouse, Husband, *, <=50K
[38 - 43], [7 - 10], 50, *, United-States, Male, White, Married-civ-spouse, Husband, *, <=50K
[38 - 43], [7 - 10], 50, *, United-States, Male, White, Married-civ-spouse, Husband, *, <=50K
[38 - 43], [7 - 10], 50, *, United-States, Male, White, Married-civ-spouse, Husband, *, <=50K
[38 - 43], [7 - 10], 50, *, United-States, Male, White, Married-civ-spouse, Husband, *, <=50K
[38 - 43], [7 - 10], 50, *, United-States, Male, White, Married-civ-spouse, Husband, *, <=50K
[43 - 49], 14, [45 - 50], Self, United-States, *, *, *, *, *, >50K
[43 - 49], 14, [45 - 50], Self, United-States, *, *, *, *, *, <=50K
[43 - 49], 14, [45 - 50], Self, United-States, *, *, *, *, *, <=50K
[43 - 49], 14, [45 - 50], Self, United-States, *, *, *, *, *, <=50K
[43 - 49], 14, [45 - 50], Self, United-States, *, *, *, *, *, >50K
[43 - 49], 14, [45 - 50], Self, United-States, *, *, *, *, *, >50K
[40 - 48], 16, 60, Self, America, *, White, Married-civ-spouse, *, *, >50K
[40 - 48], 16, 60, Self, America, *, White, Married-civ-spouse, *, *, >50K
[40 - 48], 16, 60, Self, America, *, White, Married-civ-spouse, *, *, >50K
[40 - 48], 16, 60, Self, America, *, White, Married-civ-spouse, *, *, >50K
[40 - 48], 16, 60, Self, America, *, White, Married-civ-spouse, *, *, >50K
[40 - 48], 16, 60, Self, America, *, White, Married-civ-spouse, *, *, >50K
[54 - 67], [9 - 11], [20 - 24], Private, United-States, *, *, *, *, *, <=50K
[54 - 67], [9 - 11], [20 - 24], Private, United-States, *, *, *, *, *, <=50K
[54 - 67], [9 - 11], [20 - 24], Private, United-States, *, *, *, *, *, <=50K
[54 - 67], [9 - 11], [20 - 24], Private, United-States, *, *, *, *, *, <=50K
[54 - 67], [9 - 11], [20 - 24], Private, United-States, *, *, *, *, *, <=50K
[54 - 67], [9 - 11], [20 - 24], Private, United-States, *, *, *, *, *, <=50K
[43 - 45], [7 - 9], 40, *, United-States, Male, *, Married-civ-spouse, Husband, *, <=50K
[43 - 45], [7 - 9], 40, *, United-States, Male, *, Married-civ-spouse, Husband, *, <=50K
[43 - 45], [7 - 9], 40, *, United-States, Male, *, Married-civ-spouse, Husband, *, <=50K
[43 - 45], [7 - 9], 40, *, United-States, Male, *, Married-civ-spouse, Husband, *, <=50K
[43 - 45], [7 - 9], 40, *, United-States, Male, *, Married-civ-spouse, Husband, *, <=50K
[43 - 45], [7 - 9], 40, *, United-States, Male, *, Married-civ-spouse, Husband, *, <=50K
[59 - 61], 9, 40, *, United-States, *, White, *, *, *, <=50K
[59 - 61], 9, 40, *, United-States, *, White, *, *, *, <=50K
[59 - 61], 9, 40, *, United-States, *, White, *, *, *, <=50K
[59 - 61], 9, 40, *, United-States, *, White, *, *, *, >50K
[59 - 61], 9, 40, *, United-States, *, White, *, *, *, <=50K
[59 - 61], 9, 40, *, United-States, *, White, *, *, *, >50K
[56 - 62], [13 - 14], [40 - 45], *, United-States, *, *, *, *, *, >50K
[56 - 62], [13 - 14], [40 - 45], *, United-States, *, *, *, *, *, >50K
[56 - 62], [13 - 14], [40 - 45], *, United-States, *, *, *, *, *, <=50K
[56 - 62], [13 - 14], [40 - 45], *, United-States, *, *, *, *, *, >50K
[56 - 62], [13 - 14], [40 - 45], *, United-States, *, *, *, *, *, >50K
[56 - 62], [13 - 14], [40 - 45], *, United-States, *, *, *, *, *, >50K
[19 - 23], 9, 40, Private, United-States, *, *, Never-married, Own-child, *, <=50K
[19 - 23], 9, 40, Private, United-States, *, *, Never-married, Own-child, *, <=50K
[19 - 23], 9, 40, Private, United-States, *, *, Never-married, Own-child, *, <=50K
[19 - 23], 9, 40, Private, United-States, *, *, Never-married, Own-child, *, <=50K
[19 - 23], 9, 40, Private, United-States, *, *, Never-married, Own-child, *, <=50K
[19 - 23], 9, 40, Private, United-States, *, *, Never-married, Own-child, *, <=50K
[49 - 52], [9 - 10], 40, *, United-States, Male, *, Married-civ-spouse, Husband, *, <=50K
[49 - 52], [9 - 10], 40, *, United-States, Male, *, Married-civ-spouse, Husband, *, <=50K
[49 - 52], [9 - 10], 40, *, United-States, Male, *, Married-civ-spouse, Husband, *, >50K
[49 - 52], [9 - 10], 40, *, United-States, Male, *, Married-civ-spouse, Husband, *, >50K
[49 - 52], [9 - 10], 40, *, United-States, Male, *, Married-civ-spouse, Husband, *, >50K
[49 - 52], [9 - 10], 40, *, United-States, Male, *, Married-civ-spouse, Husband, *, <=50K
[23 - 27], [12 - 13], [52 - 55], *, United-States, Male, White, *, *, *, <=50K
[23 - 27], [12 - 13], [52 - 55], *, United-States, Male, White, *, *, *, <=50K
[23 - 27], [12 - 13], [52 - 55], *, United-States, Male, White, *, *, *, <=50K
[23 - 27], [12 - 13], [52 - 55], *, United-States, Male, White, *, *, *, <=50K
[23 - 27], [12 - 13], [52 - 55], *, United-States, Male, White, *, *, *, <=50K
[23 - 27], [12 - 13], [52 - 55], *, United-States, Male, White, *, *, *, >50K
[20 - 21], 10, [44 - 45], Private, United-States, *, *, Never-married, Own-child, *, <=50K
[20 - 21], 10, [44 - 45], Private, United-States, *, *, Never-married, Own-child, *, <=50K
[20 - 21], 10, [44 - 45], Private, United-States, *, *, Never-married, Own-child, *, <=50K
[20 - 21], 10, [44 - 45], Private, United-States, *, *, Never-married, Own-child, *, <=50K
[20 - 21], 10, [44 - 45], Private, United-States, *, *, Never-married, Own-child, *, <=50K
[20 - 21], 10, [44 - 45], Private, United-States, *, *, Never-married, Own-child, *, <=50K
[45 - 47], 13, 40, *, United-States, *, White, *, *, *, <=50K
[45 - 47], 13, 40, *, United-States, *, White, *, *, *, >50K
[45 - 47], 13, 40, *, United-States, *, White, *, *, *, <=50K
[45 - 47], 13, 40, *, United-States, *, White, *, *, *, <=50K
[45 - 47], 13, 40, *, United-States, *, White, *, *, *, <=50K
[45 - 47], 13, 40, *, United-States, *, White, *, *, *, >50K
[30 - 31], 10, 40, *, United-States, *, White, *, *, *, <=50K
[30 - 31], 10, 40, *, United-States, *, White, *, *, *, <=50K
[30 - 31], 10, 40, *, United-States, *, White, *, *, *, <=50K
[30 - 31], 10, 40, *, United-States, *, White, *, *, *, <=50K
[30 - 31], 10, 40, *, United-States, *, White, *, *, *, <=50K
[30 - 31], 10, 40, *, United-States, *, White, *, *, *, <=50K
22, 10, [15 - 25], *, United-States, *, *, *, *, *, <=50K
22, 10, [15 - 25], *, United-States, *, *, *, *, *, <=50K
22, 10, [15 - 25], *, United-States, *, *, *, *, *, <=50K
22, 10, [15 - 25], *, United-States, *, *, *, *, *, <=50K
22, 10, [15 - 25], *, United-States, *, *, *, *, *, <=50K
22, 10, [15 - 25], *, United-States, *, *, *, *, *, <=50K
[48 - 54], [7 - 9], [40 - 46], Private, America, *, *, *, *, *, <=50K
[48 - 54], [7 - 9], [40 - 46], Private, America, *, *, *, *, *, <=50K
[48 - 54], [7 - 9], [40 - 46], Private, America, *, *, *, *, *, >50K
[48 - 54], [7 - 9], [40 - 46], Private, America, *, *, *, *, *, <=50K
[48 - 54], [7 - 9], [40 - 46], Private, America, *, *, *, *, *, <=50K
[48 - 54], [7 - 9], [40 - 46], Private, America, *, *, *, *, *, <=50K
[19 - 28], [9 - 10], [25 - 28], Private, United-States, Female, *, *, *, *, <=50K
[19 - 28], [9 - 10], [25 - 28], Private, United-States, Female, *, *, *, *, <=50K
[19 - 28], [9 - 10], [25 - 28], Private, United-States, Female, *, *, *, *, <=50K
[19 - 28], [9 - 10], [25 - 28], Private, United-States, Female, *, *, *, *, <=50K
[19 - 28], [9 - 10], [25 - 28], Private, United-States, Female, *, *, *, *, <=50K
[19 - 28], [9 - 10], [25 - 28], Private, United-States, Female, *, *, *, *, <=50K
[48 - 50], 12, 40, Self, *, *, White, *, *, *, <=50K
[48 - 50], 12, 40, Self, *, *, White, *, *, *, <=50K
[48 - 50], 12, 40, Self, *, *, White, *, *, *, <=50K
[48 - 50], 12, 40, Self, *, *, White, *, *, *, <=50K
[48 - 50], 12, 40, Self, *, *, White, *, *, *, <=50K
[48 - 50], 12, 40, Self, *, *, White, *, *, *, <=50K
41, [11 - 12], 40, *, United-States, Male, *, Married-civ-spouse, Husband, *, <=50K
41, [11 - 12], 40, *, United-States, Male, *, Married-civ-spouse, Husband, *, <=50K
41, [11 - 12], 40, *, United-States, Male, *, Married-civ-spouse, Husband, *, >50K
41, [11 - 12], 40, *, United-States, Male, *, Married-civ-spouse, Husband, *, >50K
41, [11 - 12], 40, *, United-States, Male, *, Married-civ-spouse, Husband, *, >50K
41, [11 - 12], 40, *, United-States, Male, *, Married-civ-spouse, Husband, *, >50K
[29 - 32], [11 - 12], [43 - 45], Private, United-States, Male, *, *, *, *, <=50K
[29 - 32], [11 - 12], [43 - 45], Private, United-States, Male, *, *, *, *, >50K
[29 - 32], [11 - 12], [43 - 45], Private, United-States, Male, *, *, *, *, <=50K
[29 - 32], [11 - 12], [43 - 45], Private, United-States, Male, *, *, *, *, <=50K
[29 - 32], [11 - 12], [43 - 45], Private, United-States, Male, *, *, *, *, <=50K
[29 - 32], [11 - 12], [43 - 45], Private, United-States, Male, *, *, *, *, <=50K
[25 - 28], 10, 40, Private, *, Female, *, *, *, *, <=50K
[25 - 28], 10, 40, Private, *, Female, *, *, *, *, <=50K
[25 - 28], 10, 40, Private, *, Female, *, *, *, *, <=50K
[25 - 28], 10, 40, Private, *, Female, *, *, *, *, <=50K
[25 - 28], 10, 40, Private, *, Female, *, *, *, *, <=50K
[25 - 28], 10, 40, Private, *, Female, *, *, *, *, <=50K
[50 - 52], [13 - 14], [55 - 60], *, United-States, Male, White, *, *, *, >50K
[50 - 52], [13 - 14], [55 - 60], *, United-States, Male, White, *, *, *, >50K
[50 - 52], [13 - 14], [55 - 60], *, United-States, Male, White, *, *, *, >50K
[50 - 52], [13 - 14], [55 - 60], *, United-States, Male, White, *, *, *, <=50K
[50 - 52], [13 - 14], [55 - 60], *, United-States, Male, White, *, *, *, <=50K
[50 - 52], [13 - 14], [55 - 60], *, United-States, Male, White, *, *, *, >50K
[47 - 49], [9 - 10], 60, Self, United-States, Male, White, *, *, *, <=50K
[47 - 49], [9 - 10], 60, Self, United-States, Male, White, *, *, *, >50K
[47 - 49], [9 - 10], 60, Self, United-States, Male, White, *, *, *, <=50K
[47 - 49], [9 - 10], 60, Self, United-States, Male, White, *, *, *, <=50K
[47 - 49], [9 - 10], 60, Self, United-States, Male, White, *, *, *, >50K
[47 - 49], [9 - 10], 60, Self, United-States, Male, White, *, *, *, >50K
[43 - 44], 10, 40, Private, United-States, Male, White, Married-civ-spouse, Husband, *, >50K
[43 - 44], 10, 40, Private, United-States, Male, White, Married-civ-spouse, Husband, *, >50K
[43 - 44], 10, 40, Private, United-States, Male, White, Married-civ-spouse, Husband, *, <=50K
[43 - 44], 10, 40, Private, United-States, Male, White, Married-civ-spouse, Husband, *, >50K
[43 - 44], 10, 40, Private, United-States, Male, White, Married-civ-spouse, Husband, *, <=50K
[43 - 44], 10, 40, Private, United-States, Male, White, Married-civ-spouse, Husband, *, <=50K
[46 - 53], [3 - 5], [40 - 50], Private, America, *, White, *, *, manual-labor, <=50K
[46 - 53], [3 - 5], [40 - 50], Private, America, *, White, *, *, manual-labor, <=50K
[46 - 53], [3 - 5], [40 - 50], Private, America, *, White, *, *, manual-labor, <=50K
[46 - 53], [3 - 5], [40 - 50], Private, America, *, White, *, *, manual-labor, <=50K
[46 - 53], [3 - 5], [40 - 50], Private, America, *, White, *, *, manual-labor, <=50K
[46 - 53], [3 - 5], [40 - 50], Private, America, *, White, *, *, manual-labor, <=50K
[35 - 37], [11 - 12], [40 - 48], *, *, Male, White, Married-civ-spouse, Husband, *, <=50K
[35 - 37], [11 - 12], [40 - 48], *, *, Male, White, Married-civ-spouse, Husband, *, >50K
[35 - 37], [11 - 12], [40 - 48], *, *, Male, White, Married-civ-spouse, Husband, *, >50K
[35 - 37], [11 - 12], [40 - 48], *, *, Male, White, Married-civ-spouse, Husband, *, >50K
[35 - 37], [11 - 12], [40 - 48], *, *, Male, White, Married-civ-spouse, Husband, *, <=50K
[35 - 37], [11 - 12], [40 - 48], *, *, Male, White, Married-civ-spouse, Husband, *, >50K
[30 - 32], 9, [40 - 45], *, United-States, Male, White, Married-civ-spouse, Husband, *, <=50K
[30 - 32], 9, [40 - 45], *, United-States, Male, White, Married-civ-spouse, Husband, *, >50K
[30 - 32], 9, [40 - 45], *, United-States, Male, White, Married-civ-spouse, Husband, *, <=50K
[30 - 32], 9, [40 - 45], *, United-States, Male, White, Married-civ-spouse, Husband, *, >50K
[30 - 32], 9, [40 - 45], *, United-States, Male, White, Married-civ-spouse, Husband, *, <=50K
[30 - 32], 9, [40 - 45], *, United-States, Male, White, Married-civ-spouse, Husband, *, <=50K
[29 - 35], 10, [58 - 60], *, United-States, Male, *, *, Not-in-family, *, <=50K
[29 - 35], 10, [58 - 60], *, United-States, Male, *, *, Not-in-family, *, <=50K
[29 - 35], 10, [58 - 60], *, United-States, Male, *, *, Not-in-family, *, <=50K
[29 - 35], 10, [58 - 60], *, United-States, Male, *, *, Not-in-family, *, <=50K
[29 - 35], 10, [58 - 60], *, United-States, Male, *, *, Not-in-family, *, <=50K
[29 - 35], 10, [58 - 60], *, United-States, Male, *, *, Not-in-family, *, <=50K
[19 - 22], 10, [32 - 35], Private, America, Male, *, *, *, *, <=50K
[19 - 22], 10, [32 - 35], Private, America, Male, *, *, *, *, <=50K
[19 - 22], 10, [32 - 35], Private, America, Male, *, *, *, *, <=50K
[19 - 22], 10, [32 - 35], Private, America, Male, *, *, *, *, <=50K
[19 - 22], 10, [32 - 35], Private, America, Male, *, *, *, *, <=50K
[19 - 22], 10, [32 - 35], Private, America, Male, *, *, *, *, <=50K
[29 - 41], [13 - 14], 70, Self, United-States, Male, White, Married-civ-spouse, Husband, *, >50K
[29 - 41], [13 - 14], 70, Self, United-States, Male, White, Married-civ-spouse, Husband, *, <=50K
[29 - 41], [13 - 14], 70, Self, United-States, Male, White, Married-civ-spouse, Husband, *, <=50K
[29 - 41], [13 - 14], 70, Self, United-States, Male, White, Married-civ-spouse, Husband, *, >50K
[29 - 41], [13 - 14], 70, Self, United-States, Male, White, Married-civ-spouse, Husband, *, >50K
[29 - 41], [13 - 14], 70, Self, United-States, Male, White, Married-civ-spouse, Husband, *, >50K
[23 - 25], 10, [40 - 42], Private, United-States, Male, White, *, *, *, <=50K
[23 - 25], 10, [40 - 42], Private, United-States, Male, White, *, *, *, <=50K
[23 - 25], 10, [40 - 42], Private, United-States, Male, White, *, *, *, <=50K
[23 - 25], 10, [40 - 42], Private, United-States, Male, White, *, *, *, <=50K
[23 - 25], 10, [40 - 42], Private, United-States, Male, White, *, *, *, <=50K
[23 - 25], 10, [40 - 42], Private, United-States, Male, White, *, *, *, <=50K
79, [10 - 11], [20 - 40], *, America, *, White, *, *, *, <=50K
79, [10 - 11], [20 - 40], *, America, *, White, *, *, *, <=50K
79, [10 - 11], [20 - 40], *, America, *, White, *, *, *, <=50K
79, [10 - 11], [20 - 40], *, America, *, White, *, *, *, <=50K
79, [10 - 11], [20 - 40], *, America, *, White, *, *, *, <=50K
79, [10 - 11], [20 - 40], *, America, *, White, *, *, *, <=50K
[27 - 30], 9, 40, Private, America, *, White, *, *, services, <=50K
[27 - 30], 9, 40, Private, America, *, White, *, *, services, <=50K
[27 - 30], 9, 40, Private, America, *, White, *, *, services, <=50K
[27 - 30], 9, 40, Private, America, *, White, *, *, services, <=50K
[27 - 30], 9, 40, Private, America, *, White, *, *, services, <=50K
[27 - 30], 9, 40, Private, America, *, White, *, *, services, <=50K
18, 7, 22, Private, United-States, *, White, Never-married, Own-child, *, <=50K
18, 7, 22, Private, United-States, *, White, Never-married, Own-child, *, <=50K
18, 7, 22, Private, United-States, *, White, Never-married, Own-child, *, <=50K
18, 7, 22, Private, United-States, *, White, Never-married, Own-child, *, <=50K
18, 7, 22, Private, United-States, *, White, Never-married, Own-child, *, <=50K
18, 7, 22, Private, United-States, *, White, Never-married, Own-child, *, <=50K
[18 - 23], 9, [30 - 41], Private, America, *, *, Never-married, *, *, <=50K
[18 - 23], 9, [30 - 41], Private, America, *, *, Never-married, *, *, <=50K
[18 - 23], 9, [30 - 41], Private, America, *, *, Never-married, *, *, <=50K
[18 - 23], 9, [30 - 41], Private, America, *, *, Never-married, *, *, <=50K
[18 - 23], 9, [30 - 41], Private, America, *, *, Never-married, *, *, <=50K
[18 - 23], 9, [30 - 41], Private, America, *, *, Never-married, *, *, <=50K
[46 - 47], 9, 40, *, United-States, *, *, *, *, *, <=50K
[46 - 47], 9, 40, *, United-States, *, *, *, *, *, >50K
[46 - 47], 9, 40, *, United-States, *, *, *, *, *, <=50K
[46 - 47], 9, 40, *, United-States, *, *, *, *, *, >50K
[46 - 47], 9, 40, *, United-States, *, *, *, *, *, <=50K
[46 - 47], 9, 40, *, United-States, *, *, *, *, *, <=50K
[53 - 63], [9 - 10], [35 - 40], Self, United-States, *, *, *, *, *, <=50K
[53 - 63], [9 - 10], [35 - 40], Self, United-States, *, *, *, *, *, >50K
[53 - 63], [9 - 10], [35 - 40], Self, United-States, *, *, *, *, *, <=50K
[53 - 63], [9 - 10], [35 - 40], Self, United-States, *, *, *, *, *, <=50K
[53 - 63], [9 - 10], [35 - 40], Self, United-States, *, *, *, *, *, >50K
[53 - 63], [9 - 10], [35 - 40], Self, United-States, *, *, *, *, *, >50K
30, [5 - 7], 40, Private, America, *, White, Never-married, *, *, <=50K
30, [5 - 7], 40, Private, America, *, White, Never-married, *, *, <=50K
30, [5 - 7], 40, Private, America, *, White, Never-married, *, *, <=50K
30, [5 - 7], 40, Private, America, *, White, Never-married, *, *, <=50K
30, [5 - 7], 40, Private, America, *, White, Never-married, *, *, <=50K
30, [5 - 7], 40, Private, America, *, White, Never-married, *, *, <=50K
[43 - 44], 16, [50 - 55], *, United-States, *, *, *, *, *, >50K
[43 - 44], 16, [50 - 55], *, United-States, *, *, *, *, *, <=50K
[43 - 44], 16, [50 - 55], *, United-States, *, *, *, *, *, >50K
[43 - 44], 16, [50 - 55], *, United-States, *, *, *, *, *, >50K
[43 - 44], 16, [50 - 55], *, United-States, *, *, *, *, *, <=50K
[43 - 44], 16, [50 - 55], *, United-States, *, *, *, *, *, <=50K
[57 - 59], 11, [40 - 56], *, United-States, Male, *, Married-civ-spouse, Husband, *, <=50K
[57 - 59], 11, [40 - 56], *, United-States, Male, *, Married-civ-spouse, Husband, *, <=50K
[57 - 59], 11, [40 - 56], *, United-States, Male, *, Married-civ-spouse, Husband, *, >50K
[57 - 59], 11, [40 - 56], *, United-States, Male, *, Married-civ-spouse, Husband, *, <=50K
[57 - 59], 11, [40 - 56], *, United-States, Male, *, Married-civ-spouse, Husband, *, <=50K
[57 - 59], 11, [40 - 56], *, United-States, Male, *, Married-civ-spouse, Husband, *, <=50K
37, 10, 40, *, America, Female, White, *, *, *, <=50K
37, 10, 40, *, America, Female, White, *, *, *, <=50K
37, 10, 40, *, America, Female, White, *, *, *, <=50K
37, 10, 40, *, America, Female, White, *, *, *, <=50K
37, 10, 40, *, America, Female, White, *, *, *, <=50K
37, 10, 40, *, America, Female, White, *, *, *, <=50K
[32 - 39], 9, 40, *, United-States, Male, *, *, *, *, <=50K
[32 - 39], 9, 40, *, United-States, Male, *, *, *, *, <=50K
[32 - 39], 9, 40, *, United-States, Male, *, *, *, *, <=50K
[32 - 39], 9, 40, *, United-States, Male, *, *, *, *, >50K
[32 - 39], 9, 40, *, United-States, Male, *, *, *, *, >50K
[32 - 39], 9, 40, *, United-States, Male, *, *, *, *, <=50K
76, [14 - 15], [40 - 50], *, United-States, Male, White, *, *, *, >50K
76, [14 - 15], [40 - 50], *, United-States, Male, White, *, *, *, <=50K
76, [14 - 15], [40 - 50], *, United-States, Male, White, *, *, *, <=50K
76, [14 - 15], [40 - 50], *, United-States, Male, White, *, *, *, <=50K
76, [14 - 15], [40 - 50], *, United-States, Male, White, *, *, *, <=50K
76, [14 - 15], [40 - 50], *, United-States, Male, White, *, *, *, >50K
[31 - 34], 9, 40, *, United-States, Female, White, *, *, *, <=50K
[31 - 34], 9, 40, *, United-States, Female, White, *, *, *, <=50K
[31 - 34], 9, 40, *, United-States, Female, White, *, *, *, >50K
[31 - 34], 9, 40, *, United-States, Female, White, *, *, *, <=50K
[31 - 34], 9, 40, *, United-States, Female, White, *, *, *, <=50K
[31 - 34], 9, 40, *, United-States, Female, White, *, *, *, <=50K
[36 - 41], 9, 40, Private, United-States, Female, White, *, *, *, <=50K
[36 - 41], 9, 40, Private, United-States, Female, White, *, *, *, <=50K
[36 - 41], 9, 40, Private, United-States, Female, White, *, *, *, >50K
[36 - 41], 9, 40, Private, United-States, Female, White, *, *, *, <=50K
[36 - 41], 9, 40, Private, United-States, Female, White, *, *, *, <=50K
[36 - 41], 9, 40, Private, United-States, Female, White, *, *, *, <=50K
[21 - 24], 10, 40, *, United-States, *, *, *, *, *, <=50K
[21 - 24], 10, 40, *, United-States, *, *, *, *, *, <=50K
[21 - 24], 10, 40, *, United-States, *, *, *, *, *, <=50K
[21 - 24], 10, 40, *, United-States, *, *, *, *, *, <=50K
[21 - 24], 10, 40, *, United-States, *, *, *, *, *, <=50K
[21 - 24], 10, 40, *, United-States, *, *, *, *, *, <=50K
[29 - 37], 13, [50 - 60], *, United-States, *, *, *, *, *, >50K
[29 - 37], 13, [50 - 60], *, United-States, *, *, *, *, *, <=50K
[29 - 37], 13, [50 - 60], *, United-States, *, *, *, *, *, >50K
[29 - 37], 13, [50 - 60], *, United-States, *, *, *, *, *, <=50K
[29 - 37], 13, [50 - 60], *, United-States, *, *, *, *, *, <=50K
[29 - 37], 13, [50 - 60], *, United-States, *, *, *, *, *, <=50K
[38 - 42], 9, [35 - 38], *, United-States, *, *, *, *, *, <=50K
[38 - 42], 9, [35 - 38], *, United-States, *, *, *, *, *, <=50K
[38 - 42], 9, [35 - 38], *, United-States, *, *, *, *, *, <=50K
[38 - 42], 9, [35 - 38], *, United-States, *, *, *, *, *, <=50K
[38 - 42], 9, [35 - 38], *, United-States, *, *, *, *, *, <=50K
[38 - 42], 9, [35 - 38], *, United-States, *, *, *, *, *, <=50K
46, 12, [36 - 50], Private, United-States, Female, *, *, *, *, <=50K
46, 12, [36 - 50], Private, United-States, Female, *, *, *, *, >50K
46, 12, [36 - 50], Private, United-States, Female, *, *, *, *, <=50K
46, 12, [36 - 50], Private, United-States, Female, *, *, *, *, <=50K
46, 12, [36 - 50], Private, United-States, Female, *, *, *, *, <=50K
46, 12, [36 - 50], Private, United-States, Female, *, *, *, *, >50K
27, [11 - 14], [35 - 40], Private, United-States, *, *, *, *, *, <=50K
27, [11 - 14], [35 - 40], Private, United-States, *, *, *, *, *, <=50K
27, [11 - 14], [35 - 40], Private, United-States, *, *, *, *, *, <=50K
27, [11 - 14], [35 - 40], Private, United-States, *, *, *, *, *, <=50K
27, [11 - 14], [35 - 40], Private, United-States, *, *, *, *, *, <=50K
27, [11 - 14], [35 - 40], Private, United-States, *, *, *, *, *, <=50K
[31 - 32], 9, [30 - 40], Private, United-States, *, *, *, *, *, <=50K
[31 - 32], 9, [30 - 40], Private, United-States, *, *, *, *, *, <=50K
[31 - 32], 9, [30 - 40], Private, United-States, *, *, *, *, *, <=50K
[31 - 32], 9, [30 - 40], Private, United-States, *, *, *, *, *, <=50K
[31 - 32], 9, [30 - 40], Private, United-States, *, *, *, *, *, <=50K
[31 - 32], 9, [30 - 40], Private, United-States, *, *, *, *, *, <=50K
[36 - 46], 9, [24 - 28], Self, United-States, *, White, *, *, *, <=50K
[36 - 46], 9, [24 - 28], Self, United-States, *, White, *, *, *, <=50K
[36 - 46], 9, [24 - 28], Self, United-States, *, White, *, *, *, <=50K
[36 - 46], 9, [24 - 28], Self, United-States, *, White, *, *, *, <=50K
[36 - 46], 9, [24 - 28], Self, United-States, *, White, *, *, *, <=50K
[36 - 46], 9, [24 - 28], Self, United-States, *, White, *, *, *, <=50K
[64 - 65], [7 - 9], [40 - 45], *, United-States, *, *, *, *, *, <=50K
[64 - 65], [7 - 9], [40 - 45], *, United-States, *, *, *, *, *, <=50K
[64 - 65], [7 - 9], [40 - 45], *, United-States, *, *, *, *, *, >50K
[64 - 65], [7 - 9], [40 - 45], *, United-States, *, *, *, *, *, <=50K
[64 - 65], [7 - 9], [40 - 45], *, United-States, *, *, *, *, *, <=50K
[64 - 65], [7 - 9], [40 - 45], *, United-States, *, *, *, *, *, <=50K
47, 10, [38 - 45], *, America, *, White, *, *, *, <=50K
47, 10, [38 - 45], *, America, *, White, *, *, *, <=50K
47, 10, [38 - 45], *, America, *, White, *, *, *, <=50K
47, 10, [38 - 45], *, America, *, White, *, *, *, <=50K
47, 10, [38 - 45], *, America, *, White, *, *, *, <=50K
47, 10, [38 - 45], *, America, *, White, *, *, *, <=50K
[33 - 42], 13, 40, *, *, *, *, *, *, *, <=50K
[33 - 42], 13, 40, *, *, *, *, *, *, *, <=50K
[33 - 42], 13, 40, *, *, *, *, *, *, *, <=50K
[33 - 42], 13, 40, *, *, *, *, *, *, *, <=50K
[33 - 42], 13, 40, *, *, *, *, *, *, *, >50K
[33 - 42], 13, 40, *, *, *, *, *, *, *, <=50K
71, [10 - 12], [2 - 55], Self, *, *, *, *, *, *, <=50K
71, [10 - 12], [2 - 55], Self, *, *, *, *, *, *, <=50K
71, [10 - 12], [2 - 55], Self, *, *, *, *, *, *, <=50K
71, [10 - 12], [2 - 55], Self, *, *, *, *, *, *, >50K
71, [10 - 12], [2 - 55], Self, *, *, *, *, *, *, <=50K
71, [10 - 12], [2 - 55], Self, *, *, *, *, *, *, <=50K
[28 - 35], [9 - 10], [40 - 45], Private, *, *, *, *, *, *, <=50K
[28 - 35], [9 - 10], [40 - 45], Private, *, *, *, *, *, *, <=50K
[28 - 35], [9 - 10], [40 - 45], Private, *, *, *, *, *, *, <=50K
[28 - 35], [9 - 10], [40 - 45], Private, *, *, *, *, *, *, <=50K
[28 - 35], [9 - 10], [40 - 45], Private, *, *, *, *, *, *, <=50K
[28 - 35], [9 - 10], [40 - 45], Private, *, *, *, *, *, *, <=50K
[18 - 26], [9 - 10], [12 - 20], *, United-States, *, *, *, *, *, <=50K
[18 - 26], [9 - 10], [12 - 20], *, United-States, *, *, *, *, *, <=50K
[18 - 26], [9 - 10], [12 - 20], *, United-States, *, *, *, *, *, <=50K
[18 - 26], [9 - 10], [12 - 20], *, United-States, *, *, *, *, *, <=50K
[18 - 26], [9 - 10], [12 - 20], *, United-States, *, *, *, *, *, <=50K
[18 - 26], [9 - 10], [12 - 20], *, United-States, *, *, *, *, *, <=50K
44, 10, [38 - 40], *, *, *, *, *, *, *, >50K
44, 10, [38 - 40], *, *, *, *, *, *, *, <=50K
44, 10, [38 - 40], *, *, *, *, *, *, *, >50K
44, 10, [38 - 40], *, *, *, *, *, *, *, >50K
44, 10, [38 - 40], *, *, *, *, *, *, *, <=50K
44, 10, [38 - 40], *, *, *, *, *, *, *, <=50K
58, 16, [1 - 42], *, *, Male, *, *, *, *, >50K
58, 16, [1 - 42], *, *, Male, *, *, *, *, >50K
58, 16, [1 - 42], *, *, Male, *, *, *, *, >50K
58, 16, [1 - 42], *, *, Male, *, *, *, *, <=50K
58, 16, [1 - 42], *, *, Male, *, *, *, *, <=50K
58, 16, [1 - 42], *, *, Male, *, *, *, *, <=50K
[38 - 43], 10, [28 - 54], *, United-States, *, *, *, *, *, <=50K
[38 - 43], 10, [28 - 54], *, United-States, *, *, *, *, *, >50K
[38 - 43], 10, [28 - 54], *, United-States, *, *, *, *, *, >50K
[38 - 43], 10, [28 - 54], *, United-States, *, *, *, *, *, <=50K
[38 - 43], 10, [28 - 54], *, United-States, *, *, *, *, *, <=50K
[38 - 43], 10, [28 - 54], *, United-States, *, *, *, *, *, <=50K
[23 - 26], [3 - 7], [40 - 48], Self, *, *, White, *, *, *, <=50K
[23 - 26], [3 - 7], [40 - 48], Self, *, *, White, *, *, *, <=50K
[23 - 26], [3 - 7], [40 - 48], Self, *, *, White, *, *, *, <=50K
[23 - 26], [3 - 7], [40 - 48], Self, *, *, White, *, *, *, <=50K
[23 - 26], [3 - 7], [40 - 48], Self, *, *, White, *, *, *, <=50K
[23 - 26], [3 - 7], [40 - 48], Self, *, *, White, *, *, *, <=50K
[18 - 24], [7 - 10], [40 - 50], *, *, *, *, *, *, *, <=50K
[18 - 24], [7 - 10], [40 - 50], *, *, *, *, *, *, *, >50K
[18 - 24], [7 - 10], [40 - 50], *, *, *, *, *, *, *, <=50K
[18 - 24], [7 - 10], [40 - 50], *, *, *, *, *, *, *, <=50K
[18 - 24], [7 - 10], [40 - 50], *, *, *, *, *, *, *, <=50K
[18 - 24], [7 - 10], [40 - 50], *, *, *, *, *, *, *, <=50K
90, [9 - 10], [40 - 60], Private, United-States, *, *, *, *, *, <=50K
90, [9 - 10], [40 - 60], Private, United-States, *, *, *, *, *, <=50K
90, [9 - 10], [40 - 60], Private, United-States, *, *, *, *, *, <=50K
90, [9 - 10], [40 - 60], Private, United-States, *, *, *, *, *, >50K
90, [9 - 10], [40 - 60], Private, United-States, *, *, *, *, *, <=50K
90, [9 - 10], [40 - 60], Private, United-States, *, *, *, *, *, >50K
[53 - 57], [1 - 7], [35 - 40], *, United-States, *, *, *, *, *, <=50K
[53 - 57], [1 - 7], [35 - 40], *, United-States, *, *, *, *, *, <=50K
[53 - 57], [1 - 7], [35 - 40], *, United-States, *, *, *, *, *, <=50K
[53 - 57], [1 - 7], [35 - 40], *, United-States, *, *, *, *, *, <=50K
[53 - 57], [1 - 7], [35 - 40], *, United-States, *, *, *, *, *, <=50K
[53 - 57], [1 - 7], [35 - 40], *, United-States, *, *, *, *, *, <=50K
41, [13 - 14], [50 - 64], *, *, *, White, *, *, *, >50K
41, [13 - 14], [50 - 64], *, *, *, White, *, *, *, <=50K
41, [13 - 14], [50 - 64], *, *, *, White, *, *, *, <=50K
41, [13 - 14], [50 - 64], *, *, *, White, *, *, *, <=50K
41, [13 - 14], [50 - 64], *, *, *, White, *, *, *, <=50K
41, [13 - 14], [50 - 64], *, *, *, White, *, *, *, <=50K
[17 - 30], [5 - 13], [24 - 25], Private, United-States, *, White, *, *, services, <=50K
[17 - 30], [5 - 13], [24 - 25], Private, United-States, *, White, *, *, services, <=50K
[17 - 30], [5 - 13], [24 - 25], Private, United-States, *, White, *, *, services, <=50K
[17 - 30], [5 - 13], [24 - 25], Private, United-States, *, White, *, *, services, >50K
[17 - 30], [5 - 13], [24 - 25], Private, United-States, *, White, *, *, services, <=50K
[17 - 30], [5 - 13], [24 - 25], Private, United-States, *, White, *, *, services, <=50K
50, 14, 98, *, America, Male, White, *, *, *, <=50K
50, 14, 98, *, America, Male, White, *, *, *, <=50K
50, 14, 98, *, America, Male, White, *, *, *, <=50K
50, 14, 98, *, America, Male, White, *, *, *, <=50K
50, 14, 98, *, America, Male, White, *, *, *, <=50K
50, 14, 98, *, America, Male, White, *, *, *, <=50K
[22 - 30], 13, [15 - 16], Private, *, Female, White, *, *, services, <=50K
[22 - 30], 13, [15 - 16], Private, *, Female, White, *, *, services, >50K
